nutzart;bez;cost
Wald;Nadelholz;405
Wald;Laub- und Nadelholz;425
Wald;Laubholz;475
Wald;;405
Straßenverkehr;;350
Weg;Fußweg;300
Weg;Rad- und Fußweg;300
Weg;;300
Landwirtschaft;Ackerland;437
Landwirtschaft;Grünland;437
Landwirtschaft;Gartenbauland;581
Landwirtschaft;Streuobstwiese;581
Landwirtschaft;Obst- und Nussplantage;581
Landwirtschaft;Streuobstacker;468
Landwirtschaft;Baumschule;581
Landwirtschaft;Brachland;380
Landwirtschaft;;437
Fließgewässer;Graben;332
Fließgewässer;Bach;346
Fließgewässer;Kanal;358
Fließgewässer;Fluss;586
Fließgewässer;;332
Stehendes Gewässer;Teich;350
Stehendes Gewässer;Speicherbecken;590
Stehendes Gewässer;Stausee;590
Stehendes Gewässer;Baggersee;590
Stehendes Gewässer;;400
Sport-, Freizeit- und Erholungsfläche;Grünanlage;320
Sport-, Freizeit- und Erholungsfläche;;65535
Gehölz;;380
Platz;Parkplatz;310
Platz;Rastplatz;320
Platz;;310
Flugverkehr;Segelfluggelände;200
Flugverkehr;Sonderlandeplatz;300
Flugverkehr;;65535
Bahnverkehr;;800
Heide;;125
Unland/Vegetationslose Fläche;;125
Fläche gemischter Nutzung;;65535
Fläche besonderer funktionaler Prägung;;65535
Wohnbaufläche;;65535
Sumpf;;65535
Industrie- und Gewerbefläche;;65535
Tagebau, Grube, Steinbruch;;65535
Friedhof;;65535
Moor;;65535
Halde;;65535
Schiffsverkehr;;65535
