AUSGANGSGESTEIN;cost
Lösslehm, Löss;1.0
vorwiegend Lösslehm mit Gesteinsbeimengungen;1.0
Löss;1.0
Lösslehm über dichtem Untergrund;1.0
Terrassensand und -kies;1.0
Dünensand, Terrassensand und -kies;1.0
carbonathaltiger Hochflutlehm;1.0
Verschiedene Torfarten;1.0
Auenlehm;1.0
Trachytische Aschen;1.0
Lösslehm, örtl. mit Gesteinsbeimengungen;1.0
Lösslehm mit Gesteinsbeimengungen;1.0
carbonathaltiger Dünensand;1.0
Schluff- und Tonsteine, Sandsteine;1.05
Ton- und Schluffsteine und Arkosen, örtl. carbonathaltig;1.05
Sandsteine;1.15
Grauwacken, Sandsteine, Konglomerate, Quarzite, Kieselschiefer;1.15
Kalkstein, Mergel, Dolomit;1.15
Tonschiefer, Grauwackenschiefer, Phyllit;1.15
Schalstein, Diabas;1.15
Kalkstein, Mergel, Dolomit, Ton- und Schluffsteine und Arkosen;1.15
Quarzite, Sandsteine;1.15
Ton- und Schluffsteine, Arkosen, Kalkstein, Mergel, Dolomit;1.15
Gabbro, Diorit, Amphibolit, Melaphyr, Basalt;1.3
Granodiorit, Quarzporphyr, Glimmer- und Quarzitschiefer, Gneis;1.3
Basalt, Basalttuff;1.3
Basalt, Lösslehm, Löss;1.3
Basalt, Lösslehm;1.3
Lösslehm, Basalt;1.3
